video_id,comment,published_at
s5EWBF27ylU,Berani g mati untuk rakyat kaya kg Dedy Mulyadi,2025-09-09T01:52:57Z
s5EWBF27ylU,Pokonya semoga bisa bayar utang   Negara ğŸ™ğŸ™ğŸ™ğŸ™,2025-09-09T01:52:26Z
s5EWBF27ylU,Semoga pak Mentri amanah ğŸ‰,2025-09-09T01:51:42Z
s5EWBF27ylU,nice,2025-09-09T01:44:53Z
s5EWBF27ylU,jangan juga trus ngutang,2025-09-09T01:42:45Z
vqt0hyuZKYQ,Apa apa lagi ini,2025-09-09T01:44:43Z
vqt0hyuZKYQ,ğŸ˜®,2025-09-09T01:07:20Z
9e5M1bDvhTA,"TNI GINI?? MENURUT KU INI SANGAT MEMALUKAN DAN MENGECEWAKAN JENDRAL!!! INI NEGARA DEMOKRASI, JANGAN JADI KAYAK NEGARA OTORITER YG TIDAK MENERIMA KRITIKAN. ğŸ˜©",2025-09-09T01:50:18Z
9e5M1bDvhTA,Kalau saya malu pak buat statement yang saudara FI tidak bisa dihubungi. Sementara para wartawan bisa ngeDM bang FI. Jangan mempermalukan diri sendiri lah pak. ğŸ˜‚ğŸ˜‚ğŸ˜‚ğŸ˜‚ğŸ˜‚,2025-09-09T01:49:32Z
9e5M1bDvhTA,Kalian aparat tugas kalian melindungi.jangan sampai intitusi anda kaya parcok bisanya bikin resah rakyat,2025-09-09T01:47:01Z
9e5M1bDvhTA,"Negara hukum pala loe peyang Fer, ini negara Junta Militer. Siapa yg pegang pistol, dia yg berkuasa!",2025-09-09T01:45:24Z
9e5M1bDvhTA,Cengeng,2025-09-09T01:44:29Z
9e5M1bDvhTA,RAKYAT TURUN BERSAMA FERRY IRWANDI,2025-09-09T01:43:44Z
9e5M1bDvhTA,Kasus di ungkang bang Fery berarti real dongğŸ˜‚ğŸ˜‚ğŸ˜‚ğŸ˜‚,2025-09-09T01:42:11Z
9e5M1bDvhTA,Muka arogansi sang jenderal dan kroninya,2025-09-09T01:36:28Z
9e5M1bDvhTA,Tanggapan Konoha konyol ğŸ˜®,2025-09-09T01:34:25Z
9e5M1bDvhTA,Pokoknya sampe fery ditangkep gw demo sendiri. G ada yg ikut bodo amat.,2025-09-09T01:31:05Z
9e5M1bDvhTA,ayoooo tetap teriakkkkk bravo TNIğŸ¤­,2025-09-09T01:30:35Z
9e5M1bDvhTA,apa jadinya jika semua aktivis dibungkam?,2025-09-09T01:30:34Z
9e5M1bDvhTA,"Ga polisi, ga tni sama saja
Bobrok",2025-09-09T01:30:28Z
9e5M1bDvhTA,"kalo pernyataan jendral di depan wartawan ini sebagai intervensi atau intimidasi ke ferry irwandi yang dipaksakan maka menurut saya ini adalalah kebodohan oknum yang mengincar ferry irwandi karena jika terjadi apa""  pada ferry maka sangat mudah bagi masarakat untuk tahu siapa pelakunya.",2025-09-09T01:29:54Z
9e5M1bDvhTA,Jangan cuma brani di media,2025-09-09T01:27:23Z
9e5M1bDvhTA,"Semalah saya nonton berita ini 
Sehabis melihat acara di TEMPO
Putar balik , misteri lain pembunuhan munir, 
Dan ada wartawa senipr menyebutkan negara negara yang sama seperti yang di swbutkan fery  irwandi",2025-09-09T01:26:33Z
9e5M1bDvhTA,"Merasa lebih pintar dan lebih tau
Atau memeng pintar dan sudah tau
Jgn mencari sensasi di atas masalah negeri ini..kl memeng pintar dan sudah tau langsung buka semua nya,kan dia siap untuk segala resikonya",2025-09-09T01:25:55Z
9e5M1bDvhTA,mending maen fifa wkwkwk,2025-09-09T01:24:19Z
9e5M1bDvhTA,Mas feryğŸ‘ğŸ‘ğŸ‘â¤ï¸â¤ï¸â¤ï¸,2025-09-09T01:23:52Z
9e5M1bDvhTA,"Begini yah cara bicara mereka? Gak mikir2 dulu, kyk gk ada pertanggung jawaban. Mirip 3 juta x 26 hari kerja.",2025-09-09T01:21:51Z
9e5M1bDvhTA,"Mulutmu harimaumu. Itu pepatah Minang. Kalau kamu laki2 ya hadapi saja konsekuensi perbuatanmu memfitnah dan menghasut,",2025-09-09T01:21:41Z
9e5M1bDvhTA,"Gua bersama elu ferrâ¤â¤,",2025-09-09T01:21:17Z
9e5M1bDvhTA,"new arc guys, ferry vs tni",2025-09-09T01:19:32Z
9e5M1bDvhTA,"seharusnya TNI ga mesti Konferensi pers nyebut nama seseorang di depan media, klo memang ada bukti Tinggal lapor diem diem ke polisi ksh bukti, bukan urusan TNI
Untung aja gagal DARURAT MILITER ğŸ˜‚ğŸ˜‚ğŸ˜‚ğŸ˜‚ sama aja TNI sama Polri cape deh",2025-09-09T01:16:56Z
9e5M1bDvhTA,Lucu bgt..emangnya Feri ada di lubang semut? Hari gini gk bs ketemu oeang?,2025-09-09T01:16:28Z
9e5M1bDvhTA,"Jika jendral ingin jadi selebriti
Minim prestasi ingin naik posisi, membuat drama dengan konstelasi yang tidak presisi.
Miriss.",2025-09-09T01:15:40Z
9e5M1bDvhTA,"Sejak kapan TNI jd cyber memata matai warga sipil,apa udh mulai sistim otoriter mulai lagi.tugas TNI menjaga kedaulatan negara dr asing,bukan jd pengancam rakyat sipil",2025-09-09T01:12:57Z
9e5M1bDvhTA,beliau ini buzzernya siapa ğŸ˜‚ğŸ˜‚ğŸ˜‚ğŸ˜‚ğŸ˜‚,2025-09-09T01:09:16Z
9e5M1bDvhTA,"Itu TNI udan 11-12 kelakuannya sama polisi. Ngaku bagian cyber, patroli cyber lah, masa nyari nomor HP masyarakat sipil aja gak mampu. Mending Roy Suryo.",2025-09-09T01:08:36Z
9e5M1bDvhTA,"TNI sudah banyak bukti video bertebaran bahwa merekalah provokator. Bentukan provokator banyak Tegap, jalan seperti orang terlatih, sorot mata sepeti melakukan misi. Ingatlah 98 mereka yang menghilangkan dan pemb**h",2025-09-09T01:07:16Z
9e5M1bDvhTA,"Halah pancet ae
Sisa2 kebiadaban 98",2025-09-09T01:06:35Z
9e5M1bDvhTA,Merdeka NKRI ğŸ‡®ğŸ‡©,2025-09-09T01:05:47Z
9e5M1bDvhTA,di konoha ini anggota staff cyber negara isinya boomer boomer gini wkwkwkwk. tampang-tampang orang yang kena penipuan SMS  ğŸ¤£,2025-09-09T01:05:32Z
9e5M1bDvhTA,Malu jendral bukan ranah anda itu!,2025-09-09T01:05:07Z
9e5M1bDvhTA,"Tangkap
Ternak anis ğŸ˜‚ğŸ˜‚ğŸ˜‚",2025-09-09T01:03:01Z
9e5M1bDvhTA,"menurut pengalaman saya yang berteman dengan orang ahli IT bahkan sepuh IT, cara mereka bicara cenderung cepat dan tertata mirip dengan cara mereka programming, kalau saya lihat cara bicara jendral tua ini saya ragu dengan kompetensi beliau di bidang IT",2025-09-09T01:02:40Z
9e5M1bDvhTA,Makin lawak merekağŸ˜‚,2025-09-09T00:59:54Z
9e5M1bDvhTA,Kita tunggu buktinya apa saja,2025-09-09T00:58:37Z
9e5M1bDvhTA,Fakta apağŸ˜‚,2025-09-09T00:58:23Z
9e5M1bDvhTA,Kenapa ini?,2025-09-09T00:57:08Z
9e5M1bDvhTA,Polri jangan mau ditekan jangan korbankan diri Fery tidak merugikan rakyat ga digaji negara ga dapat pensiunan juga,2025-09-09T00:56:05Z
9e5M1bDvhTA,MASIH BISA CENGAR CENGIR PELIHARAAN COKLAT??!!!,2025-09-09T00:55:27Z
9e5M1bDvhTA,"gw pengen liat ujungnya jadi gimana, nih. another drama apa beneran?",2025-09-09T00:55:06Z
9e5M1bDvhTA,ERA ORDE BARU SANG MENANTU SUDAH DIMULAI,2025-09-09T00:54:03Z
9e5M1bDvhTA,"Para TNI jangan sampai terjerumus dalam narasi yang salah tempat, jangan sampai mencoreng insitusi TNI yang saat ini masih memiliki tempat di hati masyarakat Indonesia. Dan perlu di garis bawahi adalah TNI bukanlah polisi, semua sudah ada bagiannya masing - masing, dan sudah di atur dalam undanga - undang yang berlaku di Indonesia ini.",2025-09-09T00:53:36Z
9e5M1bDvhTA,"Andai saja zaman sekarang tidak ada medsos yg beritanya sangat super cepat, mungkin ada culik menculik seperti dulu",2025-09-09T00:50:40Z
9e5M1bDvhTA,Bg Ferry harus sabar menghadapi orgÂ² yg lebay,2025-09-09T00:50:32Z
9e5M1bDvhTA,apa karena sigendut kesel kemaren pas d tv,2025-09-09T00:50:31Z
9e5M1bDvhTA,Kalo nangkep Bandar judol inteligen kita berani ngga??????????â¤â¤â¤,2025-09-09T00:49:22Z
9e5M1bDvhTA,"Wajar klo ada yg laporin selain sbg pemanfaat demo dia juga ngajak revolusi ,,mgkn bisa digabung sama emak2 pink dan gaya sombong nya memuakkan dia buat ricuh krn apa tuntutan demo jd acak2 an",2025-09-09T00:48:50Z
9e5M1bDvhTA,Sembarang,2025-09-09T00:46:36Z
9e5M1bDvhTA,"Hati hati jendral.
Tolong agar lebih bijak bertindak.
Masyarakat saat ini tidak sedang diam.

Masyarakat sedang fokus mengawal tindak lanjut tuntutan aspirasi yang mereka suarakan kepada pemerintah.

Dan pemerintah sedang fokus menindaklanjuti tuntutan masyarakat disertai pertimbangan yang matang.

Jangan memancing di air keruh.
Jangan meremehkan air yang tenang.

Jikalau pun Ferry Irwandi bersalah.
Cukuplah klarifikasi letak kesalahannya.
Tidak perlu melakukan kriminalisasi.
Nama beliau saat ini sedang diatas angin dan sangat berpengaruh dimata para pejuang aksi kemarin.

Mari kita menjaga kesatuan.
Jangan memancing perpecahan kembali.

TNI bersama masyarakat.
Tolong, Tetap jaga nama baik TNI dimata masyarakat.

Semoga Indonesia selalu baik baik saja.",2025-09-09T00:46:09Z
9e5M1bDvhTA,Udah hadapi aja,2025-09-09T00:44:30Z
9e5M1bDvhTA,jangan gentar mas rakyat dibelakang mendukungmu,2025-09-09T00:44:09Z
9e5M1bDvhTA,Emang lu perlu ditangkap karena lu bikin sial negara Indonesia,2025-09-09T00:43:54Z
9e5M1bDvhTA,provokator ga mutu alianzi aniss,2025-09-09T00:43:45Z
9e5M1bDvhTA,ğŸ”¥ğŸ”¥ğŸ”¥ğŸ”¥ğŸ”¥,2025-09-09T00:39:45Z
9e5M1bDvhTA,Marine VS  Ferry D Irwandi,2025-09-09T00:37:44Z
9e5M1bDvhTA,"Kekuasaan 'memframing' utk menjerat mangsa? Isu asas gak kelar2,pengkritik mula diincar",2025-09-09T00:33:51Z
9e5M1bDvhTA,"Sepertinya ada pihak yg kekeh darurat militer harus diterapkan sepertinya, skenario begini akhirnya menyebabkan benrokan antara rakyat dan TNI. Bisa terjadi kerusuhan besar",2025-09-09T00:32:51Z
9e5M1bDvhTA,"halo TNI mending lu ngurusin bocah bocah yang tawuran dan begal dah ! 
*BIAR INDONESIA AMAN NYAMAN* gak harus nunggu perang lawan negara lainkan untuk membentuk TNI ??",2025-09-09T00:28:57Z
9e5M1bDvhTA,Mayoritas yg komen dukung mas ferry irwandi.,2025-09-09T00:28:20Z
9e5M1bDvhTA,Kl alasan provokator..jgn cmn beberapa org..bersihkan semua..biar fair disosmed banyak..termasuk judol,2025-09-09T00:28:14Z
9e5M1bDvhTA,Jenderal2an,2025-09-09T00:22:30Z
9e5M1bDvhTA,Pagar laut yang jelas-jelas merugikan rakyat dan negara sampai sekarang g jelas kasusnya tapi giliran rakyat biasa yang menyampaikan pendapat dan keresahannya langsung diproses hukum. Lalu dimana letak keadilan sosial bagi seluruh rakyat Indonesia ğŸ˜‡,2025-09-09T00:19:37Z
9e5M1bDvhTA,lihat ini jadi inget lagu abri ciptaan mahasiswa  waktu jaman 98 ğŸ˜‚ blunder lo pak jendral!! ğŸ˜…,2025-09-09T00:16:24Z
9e5M1bDvhTA,si TNI ber 3 itu atas nama pribadi atas nama institusinya atau bagaimana?? kok bangga sekali menjadi bagian yg bekerjasama dgn pemain hukum yg hoby dan budayanya kriminalisasi. sebagian masalahnya padahal ada di tingkat elit TNI itu sendiri tapi rakyat tetap tumbalnya,2025-09-09T00:14:42Z
9e5M1bDvhTA,"Statement blunder pertama:

Habis ketemu polisi lalu menetapkan FI ada dugaan tindakan pidana = ada deal dibalik pintu

Statement blunder kedua:
Tim cyber TNI Indonesia tidak bisa kontak menghubungi FI = hal paling gampang untuk dilakukan",2025-09-09T00:13:13Z
9e5M1bDvhTA,"Jendral aneh,JUDOL TUH JUDOL KAPAN DI BRANTAS!!!
APA G BERANI KARENA DAPET ALIRAN DANA?!",2025-09-09T00:10:49Z
9e5M1bDvhTA,Jenderal TNI menurunkan harga diri institusi TNI dan gak bisa liat rakyat lagi berpihak dimana padahal dimedsos lagi bagus image TNI bersama rakyat,2025-09-09T00:07:24Z
9e5M1bDvhTA,"Wah anak Abah akan diproses Hukum, jangan mau diproses sendiri minta Abah tanggung jawab Bro.",2025-09-09T00:06:18Z
9e5M1bDvhTA,"Justru Fery ini ngebantu pemerintah , aneh tuh jendral salah nuduh !",2025-09-09T00:05:06Z
9e5M1bDvhTA,"Ini atas nama TNI atau personal? Kalo mewakili TNI, kasian sekali bakal buruk tuh institusi TNI di mata rakyat yg punya otak, kalo personal kasian sekali anda mempermalukan diri sendiriğŸ˜‚ğŸ˜‚ğŸ˜‚",2025-09-08T23:59:30Z
9e5M1bDvhTA,Betul bung ide gak bisa di bungkam itu kalau ide baik dan nriliyan tapi ide propokator propaganda harus di musnahkan bung jgn berterik paling tersakiti justru orang yg teriak seperti itu pelaku utama,2025-09-08T23:57:06Z
9e5M1bDvhTA,Gak ada lari enk aja masukan aja lebih baik di penjara,2025-09-08T23:55:03Z
9e5M1bDvhTA,Jgn tenang semua harus di tahan enak aja minta di tguhkn,2025-09-08T23:54:25Z
9e5M1bDvhTA,"Sibar siber, coba bantu basmi JUDOL tuh, terlalu ter*ng menj*latnya?",2025-09-08T23:52:32Z
9e5M1bDvhTA,"Kalo keseringan tidak masuk akal, mana orang normal bisa percaya",2025-09-08T23:47:00Z
9e5M1bDvhTA,KandrunğŸ˜‚ğŸ˜‚ğŸ˜‚ğŸ˜‚ğŸ˜‚,2025-09-08T23:44:46Z
9e5M1bDvhTA,"Main terror, reppresif terhadap warga, gak boleh dibiarkan. Menyebut nama dengan jelas tapi tidak menyebut tindak pidananya ini melanggar prinsip praduga tak bersalah seseorang. Ini bentuk TERROR aparat terhadap Warga sipil!",2025-09-08T23:41:23Z
9e5M1bDvhTA,Mntap TNI lanjutkan,2025-09-08T23:36:55Z
9e5M1bDvhTA,Bro coba-coba menguji mental pejuang tim onoderağŸ˜­,2025-09-08T23:29:26Z
9e5M1bDvhTA,Kalo ada salah yaa minta maaf. Itu ajaran tak tertulis di Indonesia,2025-09-08T23:25:03Z
9e5M1bDvhTA,"coba tanyakan ke feri , ganti kapolri dan darurat militer itu pesanan org yg sama atau berbeda",2025-09-08T23:24:20Z
9e5M1bDvhTA,Pidanakan saya yakin pak tni punya data otentik dan di gelar terbuka.,2025-09-08T23:23:34Z
9e5M1bDvhTA,Baru juga mau bangga sama TNI kok gini ğŸ˜¢,2025-09-08T23:22:20Z
9e5M1bDvhTA,Balik ke barak,2025-09-08T23:20:52Z
9e5M1bDvhTA,tantang debat di tv cemen main lapor polisi,2025-09-08T23:19:58Z
9e5M1bDvhTA,Fakta kok dugaan pakğŸ˜‚,2025-09-08T23:13:13Z
9e5M1bDvhTA,Orang ini licik kayak belut,2025-09-08T23:10:59Z
9e5M1bDvhTA,"Jangan mengulangi gaya gaya orba, mengintimidasi masyarakat ğŸ˜‚ğŸ˜‚ğŸ˜‚ğŸ˜‚",2025-09-08T23:09:58Z
9e5M1bDvhTA,bila terbukti memang ada konpirasi mengarah provokator perusuh rakyat mendukung diproses untuk menghindari perpecahan bangsa,2025-09-08T23:06:49Z
9e5M1bDvhTA,Makin kesini makin jadi,2025-09-08T23:05:38Z
9e5M1bDvhTA,Internet TNI beda bisa gak nyambung ğŸ˜‚,2025-09-08T23:04:01Z
9e5M1bDvhTA,"Kebebasan berpendapat harus diberi ruang, jangan dibungkam.",2025-09-08T23:03:13Z
9e5M1bDvhTA,"Ditantang Malaysia padam diam,laut di pagar ole cukong pada diam, warga negara ditembak mati oleh polisi timur Leste pada diam eeee ketika warga masyarakat kritik terhadap pemerintah zalim di tuduh makar dan mengancam keamanan negara. Ngambek garaÂ² gak jadi Darurat militer.",2025-09-08T23:02:25Z
9e5M1bDvhTA,Siap dukung bang fery,2025-09-08T23:02:14Z
9e5M1bDvhTA,"Ferri irwandi ini jauh diatas para jendral jendral TNI, jauh kelasnya, ferri pasti menang",2025-09-08T23:01:11Z
9e5M1bDvhTA,"TNI di Indonesia cuma beraninya sama Rakyat sendiri, digaji sama hasil Pajak Rakyat saja kok tingkahnya belagu, malu dong woiii TNI, tugas Anda itu bukan membuat laporan Polisi kepada rakyat sipil, tapi tugas Anda itu menjaga NKRI dari ancaman Asing. TNI cuma bisanya omon-omon doang ğŸ‘ğŸ‘ğŸ‘",2025-09-08T23:00:21Z
9e5M1bDvhTA,BIARPUN LARI PASTI JUGA AKAN DI BURU LUğŸ¤£ğŸ¤£ğŸ¤£ğŸ¤£ğŸ¤£ğŸ¤£,2025-09-08T22:58:16Z
9e5M1bDvhTA,Saya kecewa dgn institusi TNI!,2025-09-08T22:57:44Z
9e5M1bDvhTA,Ini yg di takutkan masarakat sifil dari dulu udah wanti wanti,2025-09-08T22:56:44Z
9e5M1bDvhTA,nyariÂ² kesalahan sipil ğŸ˜‚,2025-09-08T22:56:27Z
9e5M1bDvhTA,udah jelas kan kalo rezim ini juga anti kritik? wkwk,2025-09-08T22:55:54Z
9e5M1bDvhTA,Ini orang songong,2025-09-08T22:51:52Z
9e5M1bDvhTA,"Cara mengalihkan program gagal pemerintah memang top

Issue ijaxah palsu sudah mulai reda, maka demo2 dibiarkan dan tokoh2 provokatornya di buru,  media rame tidak fokus mengawal program2 pemerintah",2025-09-08T22:51:21Z
9e5M1bDvhTA,"Hadapi saja hukum dengan sikap.lelaki dewasa

Saya sendiri menyesalkan kenapa anda bersikap seperti provokator demo 

Tidak usah banyak ngomong",2025-09-08T22:47:28Z
9e5M1bDvhTA,Gw bingung pidana apaan ya ?,2025-09-08T22:46:25Z
9e5M1bDvhTA,Itu yang jadi pihak pemerintah di patroli saiber dong. Kenapa yang di patroli rakyat mulu kapan pemerintah dipatroli?,2025-09-08T22:37:22Z
9e5M1bDvhTA,Kau GK ada manfaat nya .kau sampah pery,2025-09-08T22:36:16Z
9e5M1bDvhTA,"POLISI SUDAH RUSAK
TENTARA SUDAH RUSAK
KULTUR TRADISI DAN PERILAKU POLITIKNYA SUDAH BURUK
SUDAH MIRIP TANGAN KANAN DAN KIRINYA PENJAJAH",2025-09-08T22:31:51Z
9e5M1bDvhTA,Terlalu sombongğŸ˜®,2025-09-08T22:23:46Z
9e5M1bDvhTA,"Hadapi saja bang pidana apa yang dituduhkan, kita lihat negara ini kelihatan tambah bobrok.",2025-09-08T22:17:30Z
9e5M1bDvhTA,Ya Alloh masih banyak anak muda2 Indonesia yg sangat cerdas pasti berani karena jujur lanjutkan bang Irwandi Rakyat di belakang mu Alloh akan melindungimu â¤â¤,2025-09-08T22:16:11Z
9e5M1bDvhTA,Kita bersama Bang Ferry,2025-09-08T22:14:36Z
9e5M1bDvhTA,Keren lu ferğŸ‘,2025-09-08T22:13:00Z
9e5M1bDvhTA,Tetap semangat bang fery,2025-09-08T22:10:17Z
9e5M1bDvhTA,selamet d duo sukses bosman manTRIGUğŸ˜‚ğŸ˜‚ğŸ˜‚ğŸ˜‚ğŸ˜‚ğŸ˜‚ğŸ˜‚ğŸ˜‚ğŸ˜‚ğŸ˜‚ğŸ˜‚ğŸ˜‚ğŸ˜‚ğŸ˜‚ğŸ˜‚ğŸ˜‚ğŸ˜‚ğŸ˜‚ğŸ˜‚ğŸ˜‚ğŸ˜‚ğŸ˜‚ğŸ˜‚ğŸ˜‚ğŸ˜‚ğŸ˜‚ğŸ˜‚ğŸ˜‚ğŸ˜‚ğŸ˜‚,2025-09-08T22:06:16Z
9e5M1bDvhTA,Kami rakyat mendukung mu bang,2025-09-08T22:05:19Z
9e5M1bDvhTA,Tangkap dia biar pinter,2025-09-08T22:01:50Z
9e5M1bDvhTA,Jangan salahkan rakyat jika suatau hari nanti melawan TNI ğŸ˜ğŸ˜€ğŸ˜€ğŸ˜ğŸ˜€ğŸ˜,2025-09-08T21:51:12Z
9e5M1bDvhTA,Sudah lihat berita tempo,2025-09-08T21:48:59Z
9e5M1bDvhTA,Para Penimbun BBM SOLAR SUBSIDI DI LAMPUNG aman jendral,2025-09-08T21:45:08Z
9e5M1bDvhTA,"Apa rezim Sengaja mengesahkan revisi UU TNI karna gak kompeten urus negara, kalau chaos ngandelin militer",2025-09-08T21:42:26Z
9e5M1bDvhTA,Mau Mengulang tragedi munir? Siap siap revolusi prancis di Indonesia,2025-09-08T21:41:56Z
9e5M1bDvhTA,"Blunder sih

ini malah jadi bikin ferry makin terkenal

dan membuat rakyat mempertanyakan posisi TNI untuk rakyat",2025-09-08T21:40:47Z
9e5M1bDvhTA,"Jendral yg menurunkan harga dirinya sendiri,",2025-09-08T21:37:47Z
9e5M1bDvhTA,Ok siap berbuat siap bertanggung jawab mantap,2025-09-08T21:37:41Z
9e5M1bDvhTA,"kalau ada bukti dan lengkap yah tangkap saja , tapi jangan main main kalau tidak ada bukti yg valid, memang cara mengambil simpati dan berlindung adalah dengan megambil simpati lewat media sosial  tinggal adu argumentasi dengan bukti , negara tidak usah takut bila itu meresahkan dan ada bukti sebaliknya juga warga jgn takut kalau itu menyuarakan fakta  , tinggal hukum bagaimana berjalan itu TUGAS POLISI SEBAGAI PENYELIDIK  apakah demi kepentingan negara atau mengkambing hitam kan yg lain ?",2025-09-08T21:33:09Z
9e5M1bDvhTA,Apakah ada yg tersinggung dengan statement bung fery,2025-09-08T21:32:56Z
9e5M1bDvhTA,kenapa,2025-09-08T21:28:50Z
9e5M1bDvhTA,"Sebenarnya simple untuk menghindari , kalau mau mengoreksi atau apalah  , insitusi bidang kemanan  1,2,3 orang harus ada kata kata oknum mungkin lebih aman.",2025-09-08T21:27:27Z
9e5M1bDvhTA,INDONESIA MENUJU ORBA JILID DUA,2025-09-08T21:26:22Z
9e5M1bDvhTA,Jendral nya mau sekongkol sama polisi makanya konsultasi langsung kepolisian,2025-09-08T21:24:00Z
9e5M1bDvhTA,Banyak yang bersama anda bang,2025-09-08T21:21:05Z
9e5M1bDvhTA,Jgn suka menuduh nuduh feri jangan suka bikin opini so pinter nant kalo disuruh buktikan bingung jgn suka so pinter so hebat,2025-09-08T21:18:51Z
9e5M1bDvhTA,Si ferry gemetaran,2025-09-08T21:15:06Z
9e5M1bDvhTA,"SI JENDRAL NGOMONG SANGAT GUGUP, MENDAPAT PREINTAH ENGGAK MASUK DIAKALNYA.",2025-09-08T20:56:53Z
9e5M1bDvhTA,"Kok bisa ya rakyat membiaya mata mata yang memata-matai rakyat.
ğŸ˜‚ğŸ˜‚ğŸ˜‚",2025-09-08T20:52:28Z
9e5M1bDvhTA,"TNI DARI RAKYAT DAN KEMBALI UNTUK RAKYAT PRETTT, UNTUK KEPENTINGAN PENJABAT KALI",2025-09-08T20:50:58Z
9e5M1bDvhTA,"Jendral knpa bergetar ngomongnya??ada apa jendral?? Apakah marah,ragu atau tremor?? Nanya dengan nada halus sehalus halusnya",2025-09-08T20:33:56Z
9e5M1bDvhTA,"Jendral knpa bergetar ngomongnya??ada apa jendral?? Apakah marah,ragu atau tremor?? Nanya dengan nada halus sehalus halusnya",2025-09-08T20:33:32Z
9e5M1bDvhTA,Harus di kawal rakyat hati hati bang ferry,2025-09-08T20:27:33Z
9e5M1bDvhTA,Video hoak bais tni ditngkp brimob narasiny fitanah,2025-09-08T20:20:42Z
9e5M1bDvhTA,Tangkap,2025-09-08T20:19:50Z
9e5M1bDvhTA,"Militer itu harusnya seperi ""Robot"" tidak lebay ! ğŸ¤£",2025-09-08T20:17:18Z
9e5M1bDvhTA,TNI MAJU TERUS.  JAGA KEDAULATAN NKRI,2025-09-08T20:17:06Z
9e5M1bDvhTA,"kalo masyarakat salah TNI LAPOR ke POLISI, tapi kalo TNI salah kita lapor ke TNI, lucu gak sih ?ğŸ˜‚",2025-09-08T20:12:57Z
9e5M1bDvhTA,Ganti panglima #,2025-09-08T20:11:15Z
9e5M1bDvhTA,Jendral opoğŸ˜‚tuh urus papua tuhğŸ˜‚,2025-09-08T19:49:16Z
9e5M1bDvhTA,"Bikin se ""TRANSPARAN"" mungkin!!!!!!!!",2025-09-08T19:45:04Z
9e5M1bDvhTA,RAKYAT AKAN SELALU MEMANTAU SETIAP TINDAKAN SEMUA APARATUR KEAMANAN NEGARA !!!!  SEKRANG TNI APAKAH SUDAH MULAI COBA COBA INGIN MENJADI PENGKHIANAT RAKYAT SEPERTI KEJADIAN DEMO 1998 ' lagi ?!?!?!?,2025-09-08T19:37:53Z
9e5M1bDvhTA,Udah keblinger ini negara ğŸ˜‚ğŸ˜… mending makan gorengan aja kedepannya ğŸ˜‹,2025-09-08T19:34:16Z
9e5M1bDvhTA,"Langsung di adu sama TNI
Sejak kapan tentara berubah fungsi menjadi seperti polisi",2025-09-08T19:31:45Z
9e5M1bDvhTA,Makin kesini akan banyak yang berfikir tentang kebenaran yang dikatakannya.,2025-09-08T19:27:57Z
9e5M1bDvhTA,Kenapa sih para pejabat selalu menyalahkan rakyatnya. Bukankah Mereka kita gaji untuk melindungi kita sebagai rakyat.,2025-09-08T19:17:53Z
9e5M1bDvhTA,"Adili juga jendrral yg omon omon, feri itu jlas menyuarakan kepentingan rakyat",2025-09-08T19:16:14Z
9e5M1bDvhTA,Kualitas siber TNI perlu dievaluasi.,2025-09-08T19:13:43Z
9e5M1bDvhTA,ğŸ˜‚ğŸ˜‚ğŸ˜‚ parah2,2025-09-08T19:04:35Z
9e5M1bDvhTA,So paling pintar orng ini  angkuh ny kebangetan.ğŸ˜…,2025-09-08T19:04:34Z
9e5M1bDvhTA,"Pak, kalian ada Deddy Corbuzier yang tahu Ferry Irwandi untuk bertemu dan kontakan. Kemarin pihak TV bisa ngundang Ferry juga loh. Aneh banget, masa divisi cyber tidak bisa berhubungan sama Ferry Irwandi. Kalo mau tahu gmn dan dimana berhubungan sama Ferry mudah loh caranya",2025-09-08T19:04:34Z
9e5M1bDvhTA,"Sangkin gk ada celah untuk serang ferry. 

Mereka pun menggunakan taktik lama. 

Tapi menurut gw mending berhenti sih karna kalau lu gagal bukan nama lu aja yg jelek tapi TNI OQKSOSKSOWKAOWK",2025-09-08T19:03:57Z
9e5M1bDvhTA,Cengengesan pertanda tegang n takuuutttt ğŸ˜…ğŸ˜…ğŸ˜…ğŸ˜…ğŸ˜… mampus,2025-09-08T19:00:49Z
9e5M1bDvhTA,KURUNG YG LAMA MANUSIA 1BL15 INI!!!,2025-09-08T18:52:19Z
9e5M1bDvhTA,Hapuskan RUU TNI yang baru,2025-09-08T18:38:40Z
9e5M1bDvhTA,"bahan intropeksi utk bang Ferry dlm ger.revolusi :
""Ketika motivasi berkembang mjd ambisi, cita-cita yg dikejar menjadikan dia jd tersasar.""",2025-09-08T18:38:21Z
9e5M1bDvhTA,lawak ni siber,2025-09-08T18:32:34Z
9e5M1bDvhTA,Orang ini terlalu merasa paling pintar dan merasa paling berjasa dan congkak,2025-09-08T18:31:35Z
9e5M1bDvhTA,Playing victim aparat. Cari kambing hitam yg nga punya duit dan kekuasaan,2025-09-08T18:30:54Z
9e5M1bDvhTA,Mulai kapan TNI jd penyelidik dan menyelidiki ttg rakyat biasa,2025-09-08T18:30:40Z
9e5M1bDvhTA,Fery EMG bukan kaleng2 sih keberaniannya patut di acungi jempol ğŸ‘ğŸ‘ğŸ‘ tapi kan dia cuma menyuarakan aspirasi rakyat saja hmmm ğŸ¤”ğŸ¤”ğŸ¤” kok baper ğŸ˜‚ğŸ˜‚ğŸ˜‚ bukankah kita SDH sepakat utk mencari dalang demo dan provokator dilapangan ğŸ¤”ğŸ¤”ğŸ¤” knpa malah bukti dari Fery dijadikan martil bagi dirinya dia ğŸ¤”ğŸ¤”ğŸ¤” bukankah bukti itu harusnya di buka y ke publik biar rakyat tau bukan yg ngasih bukti di ancam ğŸ™ƒğŸ™ƒğŸ™ƒ,2025-09-08T18:27:36Z
9e5M1bDvhTA,Menantang hukum,2025-09-08T18:26:30Z
9e5M1bDvhTA,"hukum hukum hukum, wkwkwkw negara makin lama malah makin lawak, hukum hanya berlaku bagi rakyat dan mereka yg tidak punya uang saja hahaha",2025-09-08T18:25:25Z
9e5M1bDvhTA,"Irwandi salah masuk bui
Jendral salah ngawur buikan juga..adilikan ğŸ˜‚ğŸ˜‚ğŸ˜‚",2025-09-08T18:24:14Z
9e5M1bDvhTA,Begitu to ğŸ¤”,2025-09-08T18:22:43Z
9e5M1bDvhTA,"Lantang amat tu nyebut nama, giliran yg lain aja disebut inisial ğŸ˜‚
Huuuuuuuuuu lawak",2025-09-08T18:22:00Z
9e5M1bDvhTA,Klo tidak terbukti pak jendralnya wajib di PTDH dan hukum mati krn nuduh2 = makar ğŸ˜‚,2025-09-08T18:21:57Z
9e5M1bDvhTA,Tidak pidana penculikan diskriminasi terhadap aktivis ğŸ˜‚ otoriter,2025-09-08T18:18:48Z
9e5M1bDvhTA,Masuk program deradikalisasi..moga cpt sembuh bang.,2025-09-08T18:15:59Z
wgHxOztl9W8,ğ™ğ™šğ™—ğ™šğ™£ğ™–ğ™§ ğ™£ğ™®ğ™– ğ™œğ™  ğ™™ğ™ ğ™œğ™–ğ™£ğ™©ğ™ ğ™Ÿğ™ªğ™œğ™– ğ™œğ™¥ğ™¥ ğ™–ğ™¨ğ™–ğ™¡ ğ™–ğ™™ğ™– ğ™¥ğ™šğ™§ğ™ªğ™—ğ™–ğ™ğ™–ğ™£  ğ™—ğ™ªğ™–ğ™© ğ™—ğ™–ğ™£ğ™œğ™¨ğ™– ğ™ğ™£ğ™ ğ™™ğ™ ğ™¥ğ™šğ™§ğ™—ğ™–ğ™ğ™ ğ™ ğ™¡ğ™šğ™—ğ™ğ™ ğ™—ğ™–ğ™ğ™  ğ™ ğ™–ğ™£,2025-09-09T01:27:30Z
wgHxOztl9W8,"Sebenarnya kita perlu jujur kalo Sri Mulyani memiliki kompetensi yang Baik.
Masalahnya dia hanya pembantu, andai saja Bu Sri Mulyani punya majikan yang baik, Mungkin akan jadi partner yang baik untuk membangun negeri ini",2025-09-09T01:22:00Z
wgHxOztl9W8,Istrahat saja dulu ibu Menkeu..karena idh terlalu lelah..sampaiÂ² omongan nya pun udh tdk karu karuan.,2025-09-09T01:08:17Z
wgHxOztl9W8,"Tinggal bilang aj, mundur atau di copot, Rakyat juga cerdas",2025-09-09T00:50:49Z
wgHxOztl9W8,Alaaaaahhh muter muter ğŸ˜‚ğŸ˜‚ğŸ˜‚ bukan mundur bukan dicopot ğŸ˜‚ğŸ˜‚ğŸ˜‚ tapi dievaluasi ğŸ˜‚ğŸ˜‚ğŸ˜‚ begini nih kinerja Mensesneg dari cara bicaranya aja ketahuan gak bisa kerja ğŸ˜‚ğŸ˜‚ğŸ˜‚,2025-09-09T00:48:42Z
wgHxOztl9W8,"Menteri dan anggota dewan yg tdk mumpuni di bidangnya, sebaiknya mundur teratur daripada diundurkan oleh Rakyat yg teraniaya",2025-09-09T00:45:34Z
wgHxOztl9W8,Mudah2an ga makin te.rpuruk tatakelola uang negara iniğŸ˜¢,2025-09-09T00:42:20Z
wgHxOztl9W8,Penjelasa ssngat retoris ğŸ˜‚,2025-09-09T00:36:43Z
wgHxOztl9W8,"Apapun itu Sri Mulyani, tidak jelek-jelek amat kinerjanya , semua kebijakannya pasti restu Prabowo ataupun suruhannya karena Prabowo adalah komandannya",2025-09-09T00:21:47Z
wgHxOztl9W8,Ganti copot para Mentri yg pro ke Mulyono bin kodok( awasi geng solo),2025-09-09T00:20:45Z
wgHxOztl9W8,Mudah2an AMANAH ğŸ¤²ğŸ¤²ğŸ¤²,2025-09-08T23:49:04Z
wgHxOztl9W8,Kenak evalussi ke 6 mentri tsb.,2025-09-08T23:02:22Z
wgHxOztl9W8,"biar aja buk.udh terlalu lelah ibu mikirin keuangam negara .istirahatlah bersama kel.kita pantengi aja negara ini,terlalu banyak yg berkepentingan Dan praduga yg merasa mereka paling bener,hadapi dgn senyum ya bu.",2025-09-08T22:46:54Z
wgHxOztl9W8,Kpn giliran BAHLUL dan TITO KARNAVIANğŸ˜…ğŸ˜…ğŸ˜…,2025-09-08T21:30:15Z
wgHxOztl9W8,Jaman tranparansi begini kok masih ditutup tutupi. Kita butuh pemimpin yg jujur,2025-09-08T21:16:06Z
wgHxOztl9W8,bahasa halusnya d copot JD evaluasi ğŸ˜…,2025-09-08T18:42:05Z
wgHxOztl9W8,"Nggak mundur dan tidak dicopot tapi evaluasi kinerja. ğŸ˜‚
Pernyataan nggak jelas. Yang namanya pergantian itu kalau bukan karena mundur ya dicopot.",2025-09-08T18:24:27Z
wgHxOztl9W8,"SRIMUYANI DI GANTI.
YA GAK APA APA BIAR GANTIAN ORANG LAIN.
SRI MULYANI ORANG PINTER
TERBUKTI DUNIA MENGAKUI.
SATU SATU NYA ORANG INDONESIA YG DI PAKE BANG DUNIA.
HANYA ORANG BLOON YG TIDAK NGAKUI SRIMULYANI ORANG PINTER.",2025-09-08T17:35:10Z
wgHxOztl9W8,Menkeu gabecus ditahan-tahan terus hedehh.,2025-09-08T16:53:55Z
